x_1,x_2,x_3,y
4.471501011973235,13.081129728154163,5.62010304607691,7.181913362649303
6.190388965711422,4.127824856517034,-0.4666154076458897,6.207950183873439
3.6459400417459147,7.524306601025042,6.363162112066766,7.333669671620626
-8.384830816647428,12.539023252418897,3.3823952601375447,9.041348656013731
0.8973642923687543,20.098343794896223,7.68553695875148,7.737747800074219
-9.454276967960258,17.339872415117263,-1.655498044357462,9.598126210973431
4.475349643743839,19.34607539043384,5.616053668268742,7.181142892230519
3.109106280425732,10.073663094765768,13.559903071630503,13.911776061128826
6.783437262472878,3.6342851290107947,-9.433250739669381,11.619003425913018
5.1317962738228955,0.04779679386720381,-2.700187930211106,5.79882297147277
-3.997019799834334,8.336191043243515,7.334543963712003,8.35294573404448
-3.743769993585133,11.685232166586104,-9.95519872618575,10.635873045628122
5.443834008320076,17.339580312068087,-2.25142872376183,5.891032168331968
2.1592614820602622,0.39266269438907164,13.814382476685148,13.982116197487946
-7.647095520269956,16.519283002740984,4.533037467994312,8.889684954056197
11.13401862388718,7.014540833591555,-4.873244199499215,12.153801041033184
11.373197419841995,14.724034989912521,-4.405885662466898,12.196780231742801
-2.112002093436226,12.188249042836821,7.837625160848145,8.117199086177381
-6.072748655108082,20.962883085982984,6.137507306311717,8.634076219442745
-7.162593852912912,7.280015002576043,-7.288553028265853,10.218892109599219
9.163506100234638,16.202243797975267,-7.555757036625463,11.8768391605491
6.354180420440468,4.5099291661758745,1.2831363896411834,6.482441500694812
3.067452375004896,16.776716977632837,6.765381158987634,7.428300364101336
0.3691684573417603,10.25825728730569,-11.022872701884546,11.029052903665283
-9.421411133233821,5.5887235215243125,0.031232643178870888,9.421462902300371
6.35516500376386,1.6959574457113562,0.7158882344848513,6.395359113399242
-5.879953824794686,18.904046259103065,6.284268446621599,8.606154012735393
6.2824987683018465,16.52659597137382,1.9887543878456397,6.589759843035974
-9.292806921687,18.619490428087733,-2.861979539585485,9.723537801066017
12.556781235468756,4.475034326415859,-0.11392548428381669,12.557298037849925
6.359525055697481,10.494990891546962,1.1254202988464115,6.458338004711397
5.372545304990316,1.2481239878964914,12.64095994972126,13.73528709218087
-6.654216233352227,2.7718929804750325,5.638411607621349,8.721827740626816
-9.455796337618663,19.306011380037525,-0.3572723121108335,9.462543415146033
-9.477127446361816,12.915418839777626,-0.9383111543932097,9.523464309642954
0.7208318424375166,10.987323777407083,-4.807479639018581,4.861219911159141
6.67698865518739,5.137322161816928,-9.495941172247637,11.608405413677149
0.8874636142397292,13.440233966852583,14.046060318404445,14.074068428668927
6.2434901992595675,1.6075687082527144,-0.22306073778937607,6.247473566250074
5.490507427725991,9.107081997511354,-2.175754609805916,5.905893661081781
-3.1433617656614348,4.63587362298518,7.622417378382793,8.245117942157904
2.7850303564286394,13.279433596599555,-10.895515615069405,11.245828320068304
0.1295755060530172,11.63068478124224,-4.737959036648244,4.739730545582274
-2.7189613625459934,20.635599861989796,7.727928535131574,8.192290908843436
2.7658040930751113,11.225940047558215,-4.480520729374031,5.265428594864946
11.121868909484496,17.16432147267499,-4.895712246757361,12.151706318159926
-1.2356570615573785,17.75956784522178,7.912989886974749,8.008886147595137
3.7576146999065854,17.764853582779313,-10.69247332675032,11.333519050860643
-9.310213227948227,12.418671273704605,0.7713772874473769,9.34211396148922
3.5105728146118453,17.309299528504365,13.430255875663258,13.881494673574572
12.587319406379104,15.038488550128427,0.31260760985273245,12.59120063202655
-5.306317940438227,13.478298590707862,-9.018472809031515,10.463740339489382
-8.234446631357132,15.063019384225422,-5.73167239633355,10.032855016572341
0.3472291328943986,4.8466095188492995,14.108287890711273,14.112560195723557
4.8008726471755585,20.68290467768213,5.248611132305897,7.113107407635839
0.654920745521501,5.037123748420178,-4.803455528718644,4.847897090418911
4.1311203603556095,15.826222719424395,-3.7086813999057884,5.551618967269982
7.376395787029196,17.75976663613399,11.3806463364534,13.562091499556116
3.4375794886516484,12.448772911426452,13.45483499924054,13.887027673249113
-9.314393863774372,13.739099392367626,0.749414064269497,9.344493270865073
-0.5674111000191663,15.037530822532439,7.905297705820102,7.925634812055721
5.822248427741832,11.96681936328481,-9.946394897725364,11.525161526670217
0.493638683112541,17.546889084234962,-4.789718004060581,4.815088546214613
9.14633329275618,20.62992228255119,-7.573305894923713,11.874778940269431
0.49263689644313613,15.450949055337027,-11.029214450940792,11.040211162680645
6.344562505053923,8.54973148639623,1.4461759594898933,6.5072957736945245
-0.02093125417733864,13.075930853249169,-10.993650423645313,10.993670349556522
9.882518973778343,0.7529138324427576,8.900164392776858,13.2995153101736
6.234574770317364,11.675889082151098,-0.267474964463203,6.240309721743978
9.924199895149016,10.180182778553075,8.845959163975824,13.29438742814439
0.65644031154126,1.447947118575287,7.7416090198920875,7.7693902012636045
3.526014910100626,4.991684350735504,-10.748996140080418,11.312546095628326
4.3070263858440585,6.6525770663712525,5.787417198508644,7.2141994786636285
-9.450562017995393,16.679279888794742,-1.706840035234503,9.603459031091687
6.35192931063339,0.5355146722260764,0.6488695830835873,6.3849853330399
-8.706077256558727,19.847569440888044,2.722175385571702,9.12173338938283
-7.928961282467273,14.361380020973845,4.137967082086934,8.943779882762104
-4.707202474342154,6.0644583966050405,7.011691489185336,8.445210043211889
11.260589610472906,2.738097828227875,-4.632146914186467,12.176110356353442
-9.344440916531308,12.481594362162634,0.5821632784099444,9.3625578836808
5.929426767894808,15.567702096173894,-9.894857704946887,11.535437174072522
11.317511086501334,12.274267321630253,-4.519250801108866,12.186454980690804
-1.3691800759437216,2.1981579266661377,7.907768426092679,8.025425568844904
9.994366221966361,20.695723337776997,8.753382792552447,13.285671473122292
4.823662329958389,11.300875314822228,-10.3636146952206,11.431195380381352
10.850924159655586,5.904822968997561,7.461460086684473,13.168748677979345
-6.33381401677094,12.959591497060032,5.924487468663572,8.6727591783351
-8.694607596772418,1.3216816742027064,2.748292173711435,9.118624410180308
10.409541213727927,0.6864155625353524,8.168193979782737,13.231702126773381
-3.280744225722102,16.885328108247297,-10.167236167723448,10.683443918740469
-9.271943545772299,5.504086989688032,-2.964032055998668,9.734188366010608
5.458203353707958,19.909139334619717,4.3037985848703375,6.950875204573934
6.5860541751137145,1.3653505148175618,11.936581859432037,13.632978254382083
-8.459138396440453,9.716994071365898,-5.304816619338582,9.984893678700038
8.939408371960006,5.45253159812288,-7.779178350860063,11.850258978400367
5.502802560049026,13.390253233812992,4.225589005860571,6.938042840840048
-6.9117157772579105,12.185523819460602,5.386493842540358,8.762769590792692
-4.567517137411597,8.226332241939073,7.081604253661646,8.426822153458998
-9.47723071352578,11.000567639302508,-0.9598334480952095,9.525711639845008
5.454136667436669,3.2268851187211975,-2.234945524180115,5.894284374131426
1.7783297539032843,5.0085874390895,-11.013013446078805,11.15566770198585
1.283212336098906,18.1722082553774,-4.804962002994732,4.973358397475449
5.575820440803546,18.09131497998716,4.092129442982035,6.916306598626402
7.122809834267517,20.73128655015482,-9.22293049702091,11.653191274840399
7.85455354130274,9.192920481042638,11.000828287481635,13.517108949174284
-5.0327608583594134,1.3706355320429835,-9.21011395759588,10.495469544967344
-5.501993629868369,6.819997748656775,6.5481391279887395,8.552780830970079
12.521013249702465,1.802969725651852,2.4598830084440015,12.760360387326692
0.9498022899483549,16.407360102916673,14.037512250135789,14.06960818795973
2.625231232305782,17.33195223968712,7.021466302776998,7.496187568631579
-4.282064991953634,0.6431538340715763,7.214556806775154,8.389631130955674
3.3860312325516673,13.949274261349963,-10.780657072995943,11.29990152317058
-1.7881920894807868,14.746279130591585,7.876790232279994,8.077218290489814
1.4857718308185301,5.016404103083858,-4.788049489270777,5.013275959386236
-1.1879510171815586,9.231259186262692,7.9143108916855756,8.002970980172028
-9.185545793552695,20.963963928808695,1.328603505607988,9.281133486841327
2.2688661126825567,18.389914044867442,-4.642205760840108,5.166994074242425
9.574925494930202,14.210325180685007,9.283194819372811,13.336300247366005
6.087728590220698,13.344411644348925,-9.816214951992654,11.550693285336367
10.072598418076279,17.730332407426197,-6.50897966569473,11.992666725139168
4.434738894084613,7.7144698550358735,-3.4544647183631105,5.621408680137243
1.7403853699222132,8.606613773996756,-4.754764414870015,5.063272249914425
4.5743717327977995,19.85029658746598,5.509626057062493,7.161065286567463
5.457254226311338,9.642626354850991,-2.229933484378393,5.895271582831865
5.436901295613192,7.073302896081765,4.340333150961292,6.956894965397565
1.6225743531201973,14.11985068553767,-11.02294319717174,11.14172447422203
-9.103267212192291,9.252043912311873,1.6284145743861793,9.247767728627732
7.626614293042236,15.817764750067978,11.186291544354786,13.538772621258529
-7.336995652191362,8.211170441897199,-7.074190842799827,10.191941977887623
6.35817040893353,12.711161791524878,1.1781897177157676,6.466410283918671
6.3564612657320305,3.9925523714732685,1.2288059657866355,6.474145806537297
-0.3886802182035799,2.764237572048512,7.893618225649702,7.903181701335983
-7.084500127265404,18.562477859497037,5.20516336790485,8.791124372900322
3.5988269325051463,20.843562178294878,-4.074039863161084,5.435931943719493
-3.050755368680061,5.256042331096831,-10.262787634042699,10.706629644336724
2.753072833798629,6.597772126715536,-4.485371641413331,5.262885975374626
5.903116079125556,6.326525156916165,-9.907635986634988,11.532910746524283
-0.6760435326968233,14.347920624068387,-10.912783375703892,10.933703666331022
0.3981102846285236,3.457712419641072,-4.7789484526753805,4.795502070905132
9.396497064814001,15.090768228931573,-7.3102480041953175,11.905204028990841
-0.39454572341884914,12.626830064198339,7.894066559696279,7.903920114524384
10.326737030844575,2.131805579644431,-6.166994037653616,12.028021997181078
-0.18284860723506996,12.611322568965171,7.875073653269923,7.877196116486747
-7.388005228051977,16.138603038046,-7.0091782037547254,10.183869615313899
6.32530332378258,1.2611491943204594,0.3168343810339047,6.3332334682103815
12.594372009514972,1.4414132966348991,1.536922460792965,12.687802684647334
4.032577333551264,20.934562629697478,6.043766524924885,7.2655897048260325
7.865191785088792,14.12531737302219,-8.70299810894685,11.730448324789666
-8.284823047421456,0.7589567952627099,-5.6402216887529,10.022494381408471
10.668969346083877,9.363554308228268,7.764971052838874,13.195517510090427
-8.87315546201283,11.449453393027797,-4.34574743646505,9.880202864040328
1.1618112287933227,8.833083806532873,-4.8110464477254915,4.9493406887708105
3.7700973520949406,13.135312296860333,-3.966551088947546,5.472399984056744
5.579339597885192,17.243818975367223,12.532488872492943,13.71832014817008
-8.247754307771364,8.294702384882715,3.6278902020135484,9.010385032795602
6.000245784472631,5.245041021114977,-1.1047702894405675,6.10110374166119
0.8647789074475504,10.883070660991562,-11.039928489139719,11.073746592914476
-4.175363765272089,0.14059070990007216,-9.732470355237906,10.590308861781688
-8.810397275310892,4.302739749469289,-4.510711632380454,9.897960374708415
10.280991928669586,13.859390948138305,8.35668351666106,13.248885026107057
10.783297762837023,6.028754953557941,7.576440743578205,13.17884535848865
4.453669327625666,5.811346710035767,5.6387821159676275,7.185473834841375
5.455292786770988,12.025555750557393,-10.112683256279546,11.490282069263237
-9.193956169314497,9.112695587754557,1.295545587182502,9.284786934105927
3.491640109577075,3.026690331945119,6.478667762108567,7.359666203476366
2.7469296646336665,20.894767666212797,-4.487698624869072,5.261659579457435
6.214748282000006,20.340456946017035,2.352273524290134,6.645019709654618
-2.668243906643988,9.903229208291407,-10.408036798287766,10.744615188077002
3.1976844835194913,15.54498897052205,6.6819046505417035,7.407633617767024
-7.612058929488278,13.902852864736616,4.579088806516267,8.883214251832767
-0.9454904981931883,15.023165389083998,7.916589355536811,7.972850136956817
-9.422271320890346,10.861548616713165,0.023345776593809372,9.422300243027573
-1.187242396548084,5.182233335019753,-10.821365492962574,10.886298527986561
6.268720527228469,10.568899678393992,12.137135053245323,13.660413769326752
1.5408621466138688,20.063931696150608,-4.781985912556845,5.024106430277888
-8.584950582537742,14.943271222880842,-5.041407950931328,9.955760675725823
-2.595249038398756,0.17287279705955438,-10.433869592706618,10.751788327944213
6.187021148878289,8.591081165720919,-0.48061245691495613,6.205660241296574
6.173455522559047,9.139696239489556,-9.772350803338512,11.558996206960432
-3.420557818118066,18.418801154072895,7.540279427792609,8.27985686085702
-9.477203429196864,8.997158998909045,-1.036037268311707,9.533664461250542
-7.522211037986659,6.7637981990918785,-6.832737109229974,10.162182605319426
12.598677853149995,16.189573993349132,1.4246618433730132,12.678972553618657
3.6854007052690876,19.304378928514968,-10.71065437414912,11.32697203496493
-3.681336458039921,3.1951819595623716,-9.985370946354946,10.642362099346338
2.4174795015919384,20.94686737655005,-4.599693455447814,5.196285887507217
2.1574115454299774,19.383405130594184,-4.6709126355568005,5.145080118458675
-9.337872573610657,6.976656562135314,-2.619152928981402,9.698238307361908
10.759328305899677,10.696647764947823,-5.5193145563096575,12.09239342585353
3.8151641010688513,2.6908094443035937,-10.677620869857114,11.338741753761424
6.305611734208531,19.31933990592472,1.828869656717088,6.565478167190018
3.988872471489678,8.90104100488396,6.0821859839299455,7.273519776347766
6.046656321543476,4.829155134472829,2.979942554795101,6.741076345862019
-5.560738628071689,4.412260581065955,6.509098416841102,8.56096818647587
-1.1666511923524747,12.071806889899255,-10.825537572751207,10.888220182548917
4.0626571807054415,18.436081404027632,6.016957501979367,7.260093728634864
3.516506027597833,7.914109992408017,6.460481381117514,7.355517270586614
10.681734394105005,13.25493992505588,-5.642387391990203,12.080396729722738
12.544239260679548,17.822632730859304,2.244155186255818,12.743397158103999
-8.901600949236103,0.483781338803434,-4.267902735656202,9.871853585850166
5.945747813600354,16.74134837594882,-9.886889433523873,11.537005665841523
-7.1071471676279065,17.859520993868525,5.180608726418797,8.794898955563275
12.355288385963194,5.496547928236166,-1.4977368150817978,12.44573688728668
12.436599071526402,4.610958858931488,-1.057894920398349,12.481511852676181
0.7558936382642462,12.193866763830915,-4.809247199592876,4.8682885924275565
6.804729253833174,12.307773427734261,-9.42052684509693,11.621130162646184
5.263738752434062,4.210266643758219,-10.193403012261536,11.472245230305123
5.465327672946431,9.782947425398733,-10.108341166906307,11.491230035085314
10.93833221681803,11.635811908180905,-5.222109926220388,12.120954738262524
7.558021650855326,3.826552162116644,11.240509997015614,13.54521156231256
-0.8738821278160932,6.801528558166602,-10.88039172042643,10.915429169906258
6.355038057391331,12.734628344804463,1.2639637748267454,6.479514884230644
2.257701708320383,3.638495380538846,-10.96862771088244,11.198571822499998
1.2703427848497293,9.28933104402847,13.989044113444084,14.046605497375669
9.627595083931064,9.357594432895478,9.219635983982737,13.330126585193515
12.293917608962284,19.305350583484945,3.7925089669627416,12.86559498975643
2.195451291874386,15.167008034769957,-4.661418065732333,5.152555167926751
0.3532915252534776,14.337761423575255,-4.773213057824924,4.78626971630374
8.288314248223504,5.3513056646188,-8.365741901727993,11.776323307536705
6.8517973967779495,14.320850239755373,-9.39217895088918,11.625839884155418
4.361888453320677,0.19234523512838486,-10.52019989605606,11.388620492939001
6.167610565182288,8.851508397833578,-0.5586268511251391,6.192857502199302
5.240328654400719,20.532132104182544,-2.5541908811380423,5.829659978371121
6.213296118821967,6.885050731447517,-0.3672804629613803,6.224141996985709
12.413475528938426,19.620611858666184,-1.192367903797784,12.470610086341416
-5.244703337828426,16.172786757888222,6.71105006596493,8.517341491904414
6.3565443121391585,5.844449686524596,0.7501625116588891,6.400656168400788
-3.4741651712483863,5.0429149413368215,-10.081923790324078,10.663724065776362
1.7832616183455257,3.1862706281078226,-4.74783384119277,5.071681001703438
4.340108785709999,10.995018528769512,-3.5377263000992545,5.599290280581199
5.008251695838135,10.982854869908591,-2.855328438520594,5.765022596719809
2.389006223246709,8.566901320297816,-10.952813396198588,11.210328809926082
-4.727447478019272,17.283592718570155,-9.409133086624543,10.52998314809874
-7.769245265540138,17.38710688248561,-6.485397232603998,10.120353218182922
12.469329050656105,11.16395620635598,-0.8502846724295273,12.498285922385714
7.8774311114856985,14.503443912659945,-8.693684266046414,11.731754644293657
5.782936679718968,10.35201810638843,3.6687811620268365,6.848526254347137
4.082424999715237,10.080484681495328,-3.7461160188613274,5.540720089038012
-9.433232271555548,12.945086777932065,-0.08321602164200856,9.433599312848463
1.411543820868357,4.5576729647980585,7.5378396844865785,7.668864522682114
4.181937724699667,2.7425997871637477,5.907600201547308,7.237979225901939
-9.47612170429287,11.802375671739133,-0.8454942152976834,9.513765974768996
3.66455304539075,6.534472597256297,-10.715808975388942,11.32508326766337
10.177515643030928,10.302558723340448,8.503489416212481,13.262396348917376
-8.150260734737433,6.1304906377221045,3.7921702925188088,8.989288379602968
-9.264693087033427,5.561331684904172,-2.998242923037695,9.73776147902949
12.007421238287678,8.867960319131898,-2.8251155859035637,12.335292573238675
-4.213356946599063,0.043535552200980376,7.244624917020606,8.380749784343308
7.717996618562706,5.685599806208435,-8.813041881978577,11.714827314888337
1.9835984042538548,7.73677107277588,13.853663769298004,13.994951320462627
6.12889786803022,10.314277278252288,2.7032760562362825,6.698588695610872
-7.5122130169179915,19.865116641349683,-6.8461614636836154,10.163821682732273
5.610630945467255,11.67363553989585,-10.044185804660419,11.504992311374078
5.682928773289774,18.063755341925983,-1.8328866229238319,5.971193583763463
12.148475127700786,12.545451022655612,-2.3559781972654137,12.374816410531293
7.185137708601282,8.541877732608727,-9.182520483631794,11.659540570875063
7.8438875144372915,0.36494382335184183,-8.71914963936883,11.728177257052813
12.604024400085013,19.52042644941319,1.2161972974273645,12.662565575119759
8.309866073074906,7.557018551152931,-8.34769072277803,11.778701734724237
7.550304554370032,18.967300508496752,-8.934088826847749,11.697223688967679
-2.488828438262377,17.381981458687296,-10.470472716814937,10.762205438880523
-2.6983952944208123,1.5223712036009531,-10.397192392113421,10.741645442090034
12.498019675301643,2.7394627195466335,-0.6461868663973279,12.514713471371662
12.572678344522261,5.947183264511766,0.08272819655037109,12.572950517254235
5.912171388401703,9.637380454397467,3.359280183230829,6.799892195857451
-0.46348457953553684,13.507931608209162,-10.943436312828329,10.953246837737062
6.356746262106861,18.6670543542269,0.7556063768542727,6.401497015351361
12.37851849680529,9.008011037857466,-1.380740031158932,12.455286556695333
1.4812316975933466,15.611841408899329,-4.788521248751517,5.012382975362124
1.5970965835957278,19.186113202516253,-4.775149261955347,5.035153222225302
0.8914659344771724,2.7953680552698366,-4.813657738802711,4.895509405431521
-2.1315921380564107,19.798869926083196,-10.584332652702644,10.796841331893846
-9.29359459745594,16.725189725835143,-2.8580137896671935,9.723124156555343
1.2770814313241694,15.655954310697553,-4.805342083049479,4.972147374863228
1.223750834819364,9.365479482256692,-4.80832162271971,4.961604874759274
8.131348432671404,1.5563234234552292,-8.494601197402988,11.75912738413986
8.218829375816709,5.463370512503775,-8.423346507987658,11.768683983454375
5.649055103677618,13.859950580198007,3.950731408805921,6.893482590745535
10.848074521797692,0.5064984969675224,-5.374383132953032,12.106391489219497
12.60229485601517,16.198621998719585,1.2997569910428284,12.669143770346563
12.534858549989906,20.43599030872411,-0.33797721505854716,12.53941415960705
-8.632984983863746,2.582475176671445,-4.935271834869284,9.944110710147537
2.6363254841207087,13.546626879974049,-10.91872765126423,11.232489732054349
10.046101259159107,17.83179180205329,-6.543212172203882,11.989069023062434
7.334880969267906,14.787144872257592,-9.08309366103862,11.674890547175526
-5.474244937374954,17.76068381119895,6.56633718792572,8.54892634778845
0.485487135018375,19.58427050245132,-11.028885185988416,11.039565489818116
3.1737937824621048,16.97566561274948,-10.82510092543343,11.280770231655941
12.210903696906922,9.465866569679967,-2.1235865959515694,12.394183681293427
-1.2021774920833581,12.257856236438576,7.913946958946402,8.00473529802759
-9.408165055146949,10.241109024249136,-2.139621846015172,9.648396309689687
6.338009348327568,12.886644844308188,1.5298615427629492,6.52003365325001
4.897669750279954,10.806449032115493,5.1287411271403,7.091625662147408
-9.075602424759078,13.440534220869816,-3.7387827980281503,9.815551751334413
2.2325924170965026,16.742717402352806,7.2164845768999735,7.553947216489667
-2.1860705488663426,20.05493440164481,-10.567853667038564,10.791590965773361
2.300793691904424,10.554842052962183,-4.63348324656219,5.173279289665278
4.9262357011157345,9.427445948344513,-2.952482077883925,5.743252441184612
8.965571658271548,4.960320718912604,-7.753704684214249,11.853329131075709
-7.628137305890378,18.90928427347116,4.558033443504423,8.88617733503115
3.9015674020903295,16.83335141413323,13.290806976116693,13.85163449811776
5.3670191762942565,7.933733043867772,-2.3706099539588896,5.867255439515076
-1.849571357931893,3.940418112499879,7.870389527339702,8.084797184848886
8.856834462175264,9.342259231580746,10.077155178978172,13.416131081335708
12.586712876443384,19.741261993585105,0.3015637049221539,12.590324924407314
2.8468217992719373,7.896399659891488,13.637401160866808,13.931371245474054
6.314082889424944,6.722534987250298,1.761966333999033,6.555316018063114
-1.9666867709991256,18.64536995173825,7.85685060618495,8.09925665126941
-2.1658061281998666,18.82252370418478,-10.574020166722574,10.793545231813493
3.704054722475816,7.864402069651972,6.317975191966545,7.323717083107463
2.2040964109583885,19.943607376281417,-4.659216576047619,5.154254562137628
-7.327199661765809,17.598062166901347,-7.086552052084845,10.193481979691185
6.354628682927121,12.335235555469815,1.2732760400891445,6.480936473392188
11.121629958106352,5.1592275611107,-4.896152998078484,12.15166519887878
-3.5574556927297234,4.963294208544659,7.495757514430236,8.297100199519859
0.5040547098916606,6.915177317438509,7.772898335651054,7.789224588297021
-1.5656633862622908,20.599316018603893,-10.737229196799436,10.850778435839732
-4.076977227711826,11.768411548028563,-9.785469721353572,10.600809449415094
1.5575201956861535,16.17181787711466,7.488666743951528,7.648921411672094
8.152448684568245,9.441523493355083,-8.477542613501532,11.76142628758319
-5.208229311277903,18.182878203866967,6.733110871127278,8.512369503360778
9.531508435954093,20.026060903624685,-7.1613424480574945,11.922016554384335
2.076198098706235,14.596893873976343,-4.690139415692242,5.129133092804412
9.979698127407023,10.921704915680703,8.772875484207681,13.287502360322778
-2.0548563055527813,3.9607864576057517,-10.60701189314497,10.804218423272868
-8.098394726569827,17.116355747504265,3.876422152952239,8.978343157578287
1.0149224841612108,17.725901374854452,-4.814342833221185,4.920158997902827
6.160164411867633,19.819244213931967,2.584768951927902,6.680468255750563
-5.058464166487138,18.138945296687822,-9.192657972614755,10.492522114587706
8.442631127250714,8.557757173093655,10.481872713783616,13.459111261104285
-5.775273195868531,6.3329384380938265,-8.657836908668092,10.407301303604742
-8.372844881725905,9.958490119487601,-5.474746894920842,10.003868500579618
-5.957344345437753,20.511628925650776,6.226389480959665,8.617301063484108
12.586703667819942,17.448066567770304,0.30139738965509844,12.590311735934216
-7.34449780902642,2.6864662124205134,-7.064697376371725,10.190760378230243
7.86337660930413,17.56457405919933,-8.704377251552144,11.730254687648081
5.164610222728523,8.290100290974836,4.767410274774726,7.028612912996389
5.102426054304323,20.50782643780019,-2.7380838114563795,5.7906696157010265
1.3506202592495957,20.986027580678204,13.975714961120213,14.040825608174712
1.5173613028037967,15.358773526241107,-4.784649240363725,5.019487391811997
5.9123578377670425,17.630833759494884,3.358800405172986,6.799817303692475
-6.019656784812084,4.485909740203102,6.17878598636995,8.626335494999939
5.398977167772028,7.4667897267758585,4.404130060888546,6.96744688184602
4.30527851218476,17.742153803479358,5.7891371565266265,7.214536165586601
-8.607572582396704,6.6840295675742745,-4.991836550490268,9.950313457778003
-5.3292299388866216,10.388181708919557,-9.00182088389324,10.46104540508366
-5.581896258977375,16.065359528361316,-8.811717659593837,10.430912422141388
9.26380691820091,9.275427677968294,-7.451785386490129,11.888953867519836
6.046061637753562,12.023800953952248,2.9817941548937608,6.741361710342643
11.073638516308273,11.828187627803821,7.06252590533619,13.134106066018001
-0.6483457035457604,18.45801521194337,-10.917020237525731,10.936255438579177
2.125311557371464,16.619188749347014,-4.678681587790626,5.1387752058080665
-6.319430622241836,15.914842543513991,-8.181485053635273,10.33788668307915
-3.3350747840356547,6.887283171328512,7.566744716682769,8.269120232682377
-0.8211688540706924,9.899292620982443,7.914877669543295,7.95736179966268
6.286679140632114,20.047506010508563,1.961802791485413,6.585666618493446
5.080130029249142,2.9387575724380492,-10.266965822167299,11.45505601503678
2.956430351078765,14.47235013278603,13.605697582483185,13.923199600909573
3.660862046771717,4.042937744069679,6.351649537841558,7.331122886506301
-1.1446138848685983,5.5234465337541785,-10.829956670323122,10.890275590016548
-7.332410406056585,8.880717022623855,4.925660231117604,8.833253708303664
-7.105662582878489,5.289984599867815,5.182224139191549,8.794651088618524
4.793543566865019,10.188907508756188,-3.1007764954474126,5.7090169733634655
4.93691939162747,14.972164878154912,5.078565065296916,7.082725195987884
12.206031394128226,8.191673515195392,4.157522848444098,12.894657755434169
5.152002923599727,2.4764511585839353,-2.67372961527325,5.804477942103784
1.2116503828942693,12.861206654891769,7.599901973849039,7.695882448587839
5.025730738883291,19.6325492501992,-10.288055803134705,11.449980858856057
-3.489185870826066,15.334180432742345,7.51829118315565,8.288493250035753
4.0557421807248355,13.633442568876793,6.023147363125908,7.261359982430372
6.542855322893841,2.318978789948053,11.96460832341002,13.636744776849518
9.967461356014743,12.190613326080914,8.789080182001245,13.28902616181089
-5.303823501168581,5.487911715291046,-9.020279971242422,10.464033375861591
0.5093944119225948,8.273301273083865,14.091830624901036,14.10103446658424
1.7648220696657035,10.38007082708261,13.899276828048793,14.01087053970285
11.85528176249967,6.397946556840752,5.302122666173254,12.986924594968798
-9.437774370142618,20.51499836388072,-0.1312828183222821,9.438687421464255
12.104855838582823,2.6670722225813406,-2.5084611748297347,12.362035121229063
11.461453433539026,13.144282063706875,-4.21983497733276,12.213595786872288
6.352309408359812,20.531916152057626,0.6560363002401897,6.386095712308846
-5.53041247345526,8.84387862718985,-8.851436466348634,10.437115963922022
4.491564322000061,10.897102549078825,-3.402587487732319,5.634869268256043
5.7237450630527045,3.166669901451898,3.7975761358941993,6.86897678367989
5.9152683080845705,20.68021326165262,-1.3275707384979158,6.062412326982189
1.694788135451345,16.64042041400289,7.439385902507355,7.629991443670944
-8.134216904651412,13.096723503280083,3.8184562193240823,8.985882958886766
2.5614504987855815,14.339642065334505,7.055123533950222,7.505717603069487
-8.45584082330731,0.6934916216227516,-5.3114611453284395,9.98563285563034
12.088959612662066,13.460016140673051,4.58373890617204,12.928789845787184
6.186532443785131,14.266560613168727,2.477163582241784,6.664047050493489
2.7148647128924845,18.056179592245257,-4.499700189933454,5.255263286325048
10.113438539750701,13.522969408457806,8.592319685584604,13.27062909875035
-0.5088614122083586,10.588857727730831,7.90192233847634,7.918290003539027
12.605813057823497,18.66278884885319,0.9422908759609466,12.640982356751891
8.037192123948559,16.080670386514356,10.846122218092797,13.49943792930161
12.031964555105139,5.356651483775112,-2.7481478235619896,12.34181864700073
2.9573020129052026,15.697967767953081,-4.402864142575758,5.3038521711594235
-5.18453161395339,15.618999925868593,6.747309981598918,8.509145670622082
4.712043318292258,12.022206036389605,5.354067262561444,7.132277931032617
-2.2766586731121294,12.028052019801521,-10.53975221141929,10.782835962397577
-7.823774266931097,8.677892893114954,-6.404348790376577,10.110743158081466
8.670422915253985,19.010149378441557,10.26363688652296,13.435716418105741
-4.550623375152678,18.268914039590197,7.089840039085821,8.424607105515983
12.596585049310429,14.283598317892185,0.5117910901324536,12.606977632424433
1.6205918072700194,19.62195008490899,-11.0230554255313,11.141546962613663
-0.028272514364079782,17.415090591047292,7.8575288975577875,7.857579761671158
3.3095261071667457,11.355048348626475,6.607068556503634,7.389608782903009
4.035785460779296,5.299989182197172,-10.617673237004341,11.358809323746737
-7.9013047757883745,11.859925684972701,-6.286102838580885,10.096816629864625
3.7029778985071182,13.5624848492297,13.363287264765827,13.866848662817544
5.95241333127907,17.025242441772914,3.253093377734103,6.783350277749651
5.508548371122509,11.188449052103536,4.215337450845998,6.936366122221439
2.839632318877842,20.450535455227556,-10.886477756621556,11.250729294220505
-0.5390199005738598,4.373080765226953,-10.933032916888772,10.946312219875152
9.17295917594368,4.878651023512955,9.74332500234202,13.381911752241997
8.990676455072343,13.289327661597513,9.938617260482673,13.40180495941335
4.867931118867351,12.627185186279432,5.166142999256703,7.098294644969747
-9.174537220829677,6.534020890512263,-3.381647248735754,9.777917535511905
-4.669174978895326,13.369402576068588,7.031047544762544,8.440191026289249
4.2365199152343544,20.40418473034223,-3.624606811326264,5.575470879566142
3.918112205909611,19.206665946237525,6.143082589000219,7.28622446493213
3.9997228003192924,16.811084006173907,-3.807731657023101,5.522372936636016
3.080039542031704,4.3294574076083325,13.568768949924332,13.91395466418191
10.684081844935381,18.25136399134199,7.74045493678311,13.19334102862682
12.570682803714005,12.173617078085988,0.055762236154975275,12.570806480833758
2.6879660217018784,15.798176872276786,13.681626133220021,13.943172342872078
-6.280462354360521,10.794841495678694,-8.217899148653856,10.343020535703557
1.376992296993365,1.7519626906641834,-11.034138145086734,11.11972627319743
5.90888616935267,2.1048268562874677,3.3677160613725396,6.80120924780247
8.62791691332662,14.981187802451705,10.305145346931273,13.440125404349724
1.802476024582982,13.382875242553078,-4.744603354296069,5.075448828310061
-3.4119318811347927,5.13471484644886,-10.109875413035981,10.670091847243558
1.8593969632034566,1.5557468364803948,-4.734579421467665,5.08660981056689
3.449295421045364,2.6865898771740793,13.450920311005875,13.886140432628316
11.949597364732005,16.30125876509706,5.029035624003275,12.964724312020834
-9.454127300098202,0.7292705279143157,-0.3330560302673774,9.45999203624187
-6.835070341437575,13.548702954439106,-7.661289034321277,10.26710943936077
3.4949989859731714,19.3847741185254,6.4762205613265404,7.3591066489691634
6.105328741426836,2.2790609596731226,-0.7840389373033768,6.155465546658546
12.519662248499195,19.783663027980136,-0.4731177266430809,12.528598612764313
5.623468823305048,14.252463934200211,-1.9447175576612938,5.9502376411165265
5.647086784399735,7.542816656728754,-1.9009899445967833,5.958468924144878
-0.8195562263628169,4.037890509216235,7.914842611319839,7.957160672635329
1.5621373944326735,12.873740091072882,13.938292170491648,14.025557453059529
-9.152458375455323,10.63672523133107,1.4539885187248354,9.267231351759053
1.8335393957996426,8.068962364732718,7.386504498544834,7.610671154567933
4.9949779995680625,10.707847037684335,5.002581243485536,7.069343980444172
10.666034947260892,10.416677494942908,-5.666892951357919,12.077995579496655
5.9772533178768334,19.592336412119042,-1.1677372693734036,6.090251846709894
-7.397724955786374,5.802464970882249,4.8478748765250606,8.844672144285925
12.208817481686925,17.697705175551217,4.146632244892815,12.893788554010381
0.6331546655458992,19.671377374169033,-4.801924849470252,4.84348707962171
8.945943003501894,16.003779688626473,-7.772830713893437,11.851024999077069
2.740830260069265,19.839896781673797,13.667134156740541,13.939250574290403
5.599934943919469,3.56918323731692,4.046453837782893,6.908911639139572
7.509672646115884,0.35401466308805807,-8.962744019783806,11.692987796794775
11.665717972883966,10.390730766658313,-3.7544740734907673,12.255001076759738
12.108274965823101,4.333326243236602,4.517204162540982,12.92344598371719
3.0816881280041724,6.36423153940875,-10.843063528276126,11.272481022229035
5.923154969939274,16.082911742133916,3.3308292712165546,6.795453511864335
3.8015071596312024,8.820262965359175,-3.9458482942991306,5.479158279001497
-8.471249416459017,15.112862704592711,-5.280305648522691,9.98216882334084
-8.460271807366146,14.29171911909927,-5.302529944938123,9.984639346089569
-4.96153505781571,17.97633216066814,6.875859912943073,8.479049455708575
-8.947160432100702,8.065740027022445,-4.138757872038787,9.858042225569509
6.280319576171816,19.704346301139577,-0.017838646193274226,6.280344910603632
6.333784554870641,20.17919352915074,0.40156978854368164,6.346501798832874
5.015893943223616,10.741630695049704,-10.291835296351199,11.449063971211258
0.4266938028504229,5.141179617030351,14.100460579960826,14.106915189665676
11.695830706455798,3.98953532533068,-3.6811216245212584,12.261448214978211
6.277810265277037,10.685021442242796,-0.03319292137572909,6.277898015804908
10.173100569064912,5.864467940166434,-6.376761955756771,12.006459437681691
2.931742286648807,2.284539109873864,6.848344623222934,7.449492393025933
8.494749666233625,1.1972726310030126,10.43284158673156,13.453808214249666
-8.875771648576798,14.309364698919651,2.3064201564867766,9.17054503810587
-4.846299375102075,11.776770361501798,6.938794396087133,8.463656733604275
4.5573025888640055,11.49901485923905,-3.3407338652906047,5.6506202885317
-9.461601691015643,2.8018003329118706,-0.44989625892010726,9.472291866450293
4.089100069721512,17.72228729904005,-3.7410359140077256,5.5422097659771135
1.8931846172315052,2.895625631048043,-11.004282267781399,11.165947170926886
5.787619449734272,6.5856769015934296,-1.620447372777618,6.010190394894685
-8.78117884788903,15.474230654247844,2.545358929681879,9.142644805499392
5.096983025122344,9.377323626850922,4.863648019436011,7.045162029034475
0.06692130722866446,19.296325308987612,14.132273176060744,14.132431623190937
3.949985833667565,15.897161388603347,6.1158491522088,7.280521886427342
-7.105895614996502,15.00826886126771,-7.355746430819747,10.227451199871059
0.6561559744088177,4.778340200388708,-4.803539385452976,4.848147201803009
-5.236897293599479,5.5220473293593635,-9.068349062783323,10.471869364549613
-9.477282404450936,7.365123422508603,-0.979548245976908,9.527769756869219
-9.141221222104111,19.304275926006337,1.4950145251698248,9.262666671208423
-5.184216499626372,13.771918283286773,6.747498082459493,8.509102836832614
11.324984559709595,17.850652179746348,6.5683963940794055,13.091948154014974
6.3609797160677735,9.840810559460083,1.0057109318667488,6.439993589026463
2.8240716308119573,2.3213931558364234,-10.88908163727105,11.249332401485452
10.418475163966237,6.555323036114795,-6.037031997141825,12.041195126593353
6.929379241100523,15.122733422328567,-9.344785362418472,11.633628416649097
-5.566428310984189,3.608485688858875,-8.823704982250032,10.432779771235964
3.537092059090687,1.563198294884693,-10.746410580864499,11.313547657874556
5.347893882036335,0.06640243931671863,4.487673445290351,6.981345280466067
3.964929582279005,3.081403492482725,-3.8329346852855863,5.514712584903812
9.939855752148418,13.495124825365192,8.825448683133565,13.292451874358694
-9.2153011388049,10.881680106329247,-3.2168510815483113,9.760630407904882
5.329512341858263,8.266519599788348,4.517097132064897,6.986262828045368
12.603942985812898,2.113484083231433,1.2208307574576134,12.662930408399813
12.240184761286454,4.472249298316792,-2.007883452059348,12.403778414156022
5.425090516424825,19.011971443103263,4.3603697752032815,6.96020342288276
12.077382088669642,4.032277711786953,4.622991973828419,12.931945441649537
0.5090466855466597,11.60611687752069,7.771923931879718,7.788576900242479
-3.68759750851238,8.360437985253895,7.450959547863295,8.313553606532041
-5.330728020331488,4.05692925744664,6.658016658051837,8.529117600645627
-9.466866323106274,16.996793377856797,-0.5504136365468059,9.482853639641412
5.357278219989567,4.059136863833711,4.472524029497567,6.978818031787886
-8.901186506861269,19.56136449539294,2.238670059805026,9.178385744050887
4.484178739450183,7.966778072230344,5.606739928984073,7.179372646589767
-4.353177111699342,15.066957135957955,7.182655855453129,8.398850879953647
11.39908704487829,1.8448515057263113,6.4120955903619485,13.078767346988446
-0.7250093477115594,1.2131571114759856,7.9122106776825225,7.945358164507278
5.910550645193229,4.334807559852493,-1.3392028668748959,6.0603690686327045
6.090401695396818,10.17946473843657,-9.814860837629277,11.55095173885344
3.1016378177155723,19.803997156239966,6.743841734114632,7.422907684126865
10.13408108480851,3.0273848844388827,-6.4285483839939825,12.001076358344916
0.406457657537778,20.90504807695922,14.102497057430485,14.108353237788123
-8.515955221176302,10.042464738151441,-5.188320880535338,9.97196905773774
6.3296278387095315,13.975784505160478,0.35858800588472184,6.339777120256759
-7.212359305152224,10.571699444095634,5.064011886380051,8.81262407753867
-5.798882809280043,11.861648554087376,6.343455857071818,8.594560724457205
0.6973464302311835,15.388033483007897,-4.806150934186682,4.856478028977347
3.6085939260951876,5.672378552141332,-4.06814958198205,5.437995140199355
2.261565947723448,16.412081501300577,-10.968184834727364,11.198917764884497
-8.82868336946415,5.445855278689534,-4.46355540903754,9.892875058738039
8.025537348750518,16.20264924939794,10.85616214079295,13.500574290132093
-6.470769015092572,14.672234792736411,-8.03639793958603,10.317681110116975
2.452537343181931,10.275859036377977,-10.944594438335495,11.216019206445134
-9.162808806148906,19.40967295135897,-3.426894621550552,9.782672025845088
-7.537585212569958,2.649999103247281,-6.812003285602357,10.159654501990243
1.812536976282822,0.2512924227022624,-4.74288100471649,5.077421640487716
4.781939774698474,17.78062315724235,5.271440945454472,7.117235253260723
-5.313998964836411,1.624269286888287,-9.012901019223989,10.462837558741475
3.3616069382966205,19.814232180867997,-4.208622542274978,5.3863628647677535
-8.137184363976308,1.598331271922682,3.813609718011525,8.986511473016238
7.635304290739587,6.416856623598409,-8.873297835778006,11.706121735852953
1.3184656145925198,3.7898752280126065,-4.802626245137209,4.980318305825799
11.82199650502401,2.6042088816954108,5.394026771093508,12.994426735030421
7.440135092539327,4.259791464509265,-9.01118611737433,11.685764221359038
-3.7313922675094737,15.082826746253286,-9.961220609469972,10.637161476848926
2.8659111679077993,13.759013232151442,6.887160437192852,7.459653189657887
-1.6643553251020655,10.771844527559443,7.888252663719071,8.0619233892953
5.886627416790809,8.870029114239292,-1.3971403271321852,6.050155654015214
4.730232061731804,15.955480744233757,5.332812103800816,7.128392546169157
0.7647683854167776,10.24161484464686,-11.038285899017481,11.064747004418182
1.2424873720594816,19.233360134736284,-4.8073415976779605,4.965310474330096
7.83937780726758,16.219714731989242,11.013434510884196,13.518564425656093
3.895988796164199,14.948201280753144,-3.8816503038740002,5.4996306950014455
1.2640065924024013,2.4484968810465837,-4.806126781987459,4.969564096595782
5.965148310747239,7.2076491286546585,-1.2000392651694456,6.084660106132392
11.90876088172301,7.873812368006853,5.1497121547624305,12.974518141918185
6.33634922956666,9.71649812379884,1.549082463971872,6.522957767701334
4.018444264955551,6.213451679657425,6.056258981169827,7.268161195072269
-7.589350358199973,5.940582250287003,4.608605221267277,8.879047299401106
3.051340926870652,20.354012339869787,-4.361438063272571,5.322858577095454
11.15445992487613,8.29691228268142,-4.835185106895381,12.157343099279977
1.6779604959601404,14.75139851183889,7.445588118887848,7.632321656096963
11.433832923482907,20.160518084489805,-4.278941331820709,12.20827073107757
-3.6675729753643616,8.594178064464058,7.458010890330223,8.31101786605631
3.322452338610208,13.941938454733506,-4.229317959825156,5.37827295213213
12.401415922017994,17.679660238251692,-1.2592058368939376,12.46518015154812
0.5009063916170706,5.278897605973213,-11.029589466338372,11.040957884582534
-9.398581590063339,4.415943133457489,-2.2162824343807563,9.656357684656374
5.341555080895359,1.5321538622197552,4.4978572399266294,6.983045928031651
6.593686230765087,11.628748607339904,11.931606148241146,13.632311740366232
-9.111151605387322,14.784873931372577,1.6013216693629457,9.25080075804918
9.355046045204853,15.799053957523949,9.54015371947151,13.361565009348608
11.383950263550663,13.330986962274178,-4.383647182785829,12.198798556667018
1.1361655779209618,1.3219690384805267,-11.039818093350412,11.098128479825759
-9.461014012448892,0.25576303123219746,-1.5504063807016366,9.587207418694698
2.6602600252976685,4.69008671043862,13.689131964027771,13.945225610608226
2.81409444495214,6.35299052884987,-4.461770977723672,5.275085573027963
12.134037460026182,11.208127900904115,4.426307775637542,12.916155217632992
2.2283572000491794,11.695405166107099,-4.652951856529397,5.159024790616089
-4.73983384257459,6.751007884211453,6.9948872065416765,8.449524950401402
-7.892104747302869,13.972112185741175,-6.300325508753853,10.09848596863188
-9.205057610622038,3.900072285633944,1.2511061441153277,9.289690640635664
-6.8452545340915405,12.948052920612845,5.453534404474239,8.752059594020427
-7.3824882774855505,7.4429335630466396,4.866184677964794,8.841995616786456
5.006165036798138,6.357412819953993,-2.8578556528685084,5.764462447470066
5.82482077977886,5.054907976026032,-1.5394087714646254,6.024808418713896
2.191765022597014,13.980349375478344,7.23514244663383,7.559835986141647
11.167762852063404,3.4380251789796077,6.8834904012701825,13.11874106857461
10.59573727727115,1.4562811838569778,-5.775051176676697,12.06734703827599
6.033698881920405,3.5847827970796797,3.0198748375379347,6.747233968974421
4.280047167913181,19.586081779285404,-3.588627364170456,5.585431954507604
-9.448913511272266,14.047160149018527,-1.7284716371149316,9.60570563487214
6.353178759779966,12.511775358665329,0.6730443265131675,6.388729843965142
1.7519446826026563,14.867641249388996,7.417980060583891,7.622056044803128
6.295231645869519,13.917090037841621,0.07895549466621134,6.295726760692132
-1.0322163207747983,18.239703983258796,7.916626468974383,7.983636087782288
-5.330748843925297,19.23924502488319,-9.000713608656188,10.460866536862977
3.255962168014552,17.35630531878271,13.514041350990457,13.900741105272841
0.007651992834433015,12.131485990048512,-10.996267496883515,10.996270159286338
-5.549131023687073,11.135510411815066,6.516868387729652,8.559347445981873
-1.1325477963259702,3.07169027553011,7.915485102129036,7.996097105025021
-2.1852462745098875,12.651096464095453,7.826912390292676,8.126245064331764
10.611148042718016,8.253457991084137,7.857678959429484,13.203771484463793
-0.5042361244274483,1.016912885333591,7.901637007129025,7.917709356979994
3.001091478751506,15.95577408392675,-4.383848509636907,5.312690261937038
-9.434087881373289,14.004821197865837,-0.09207206374111034,9.434537159733694
4.022105111112905,9.611408304902891,-3.7912957002337,5.527318754283228
3.8346977121916304,14.187170513001183,-3.9236279676444443,5.486325088104914
4.751490678292628,8.928872516002983,12.940518316826948,13.78527032647657
-8.333544236237909,16.127629992381134,3.4763767121705134,9.029571118400671
7.215857342978938,19.441480648453503,11.50049244666114,13.576815668997389
7.322812797565544,6.710152223462062,-9.091230819468626,11.673648319229336
-2.6003246748282884,6.2254384005910515,-10.432092531557995,10.751290294727834
-8.3956363453504,9.527288879820139,3.362249326251427,9.043861463735874
3.6740960262934714,4.550160388504692,-4.027906970310498,5.451881892695528
4.917433557655484,4.628489328993348,-10.32909307303819,11.439900196480814
2.2388181791786956,12.444913458405416,7.213613412636693,7.553047418518767
10.209224562361275,6.248476910462477,-6.328292478904729,12.011475840348801
1.870905820468582,9.203038836127218,7.37172616827236,7.605434589098424
-9.348856258776634,17.5938532490759,0.5560023502108976,9.365375163905986
-3.5538422156735123,14.467488253097326,-10.045432308445283,10.655538689219778
6.319918695096384,17.20109880701875,0.2682853126655611,6.325610588838112
-3.8375166447512377,4.2985689187927765,-9.908940554218926,10.626082858033213
5.013034385179487,18.014451627672216,-2.8495247656668634,5.766307756020369
-1.6081510189992265,11.378082320247932,7.892815644342431,8.054979112045224
-5.079589371310779,19.461384782517605,6.808935227844243,8.494929494593334
5.448815339845899,6.179932979803315,4.3199632983433816,6.95353661864046
2.2022431048238293,19.225374139978893,13.80440784085875,13.978968149670655
2.894996752794795,1.6487645843583616,-4.429105487351287,5.291311899404314
11.324972776916393,5.618845617024951,6.568420827239384,13.091950219948497
-3.1760759884060366,17.94682278631911,-10.211504166063115,10.694029924105026
5.008602650591868,12.891730837134483,12.821159181163015,13.76474566638398
-7.288106047057867,10.089594864675938,-7.135493230862323,10.199595746932497
4.605640599818156,14.452286100967168,-10.440298249279056,11.41103645023504
12.488767519262096,9.877366552706162,2.714707593029555,12.780412804985144
11.754215964355154,14.99822787251877,-3.5348839542145822,12.274241219173806
6.310268516689391,9.410907779514302,1.7927845096253792,6.559997336178882
-9.448633532375503,3.127418625576875,-1.7320823626133452,9.606080623230632
-0.11335205530712178,11.641253915239071,7.8675716217741885,7.868388139396079
7.332621146442297,8.18701523585859,11.413693194417268,13.566124178022985
-2.179070262463882,13.11227128472322,-10.569988800809272,10.792266233650272
-9.451495555213734,20.59292848509615,-1.694293190882719,9.602155885367438
-0.39826688841758684,2.488230517301044,-10.951986438956093,10.959225496059837
5.491560146549619,9.829420468148575,-2.1740175648247955,5.9062327430722545
12.573562541008984,2.7481359778892696,1.9005470723305067,12.716389194531928
1.6094256709530523,9.833293246303583,7.470382426401339,7.641784123292717
3.9460714639272005,4.658486859689094,-3.8464205972697125,5.510574508118119
3.5612700562975426,8.242542146878828,6.42733249163064,7.348009755835415
-3.943738550138549,18.476530703081888,-9.855123346922094,10.614920156783933
4.437599921692926,6.57802652467389,5.6554995676477695,7.188669447448058
3.4455336055206005,4.483645174827132,-4.162836800861908,5.403786825679006
4.260134819457076,18.454484402518162,13.151097249572645,13.823896250611394
0.8386063798356107,6.219421047645389,-11.039586296571668,11.071392245772614
6.08051270804379,2.6372820973673434,-0.8654790433732892,6.141798496141043
-2.03824207477416,9.939294562715865,-10.611840611106578,10.805812875989965
5.136227057788363,15.192874475545274,-2.6944135819005415,5.80005973585509
6.261516759533978,15.826949137328459,-0.12756060657830937,6.2628159671409405
5.2211806992309695,17.21934643117381,-2.580660746709155,5.824134080155388
-5.758897515663744,0.03174483205140244,6.372114499267909,8.588873254839562
3.4931789996546065,1.919889356279496,13.436153955811934,13.882814291342683
5.729018721659442,0.15927758548264892,-1.7419913206110562,5.9880037804103505
5.5280369934326865,15.733304185059238,-2.112968185486431,5.918093236308306
6.285327019176286,18.053402995934704,0.013553226149221102,6.285341631759287
-3.2488277842451656,9.20596831778592,-10.18087454795322,10.686678086891408
2.21750521717675,0.5682438688875233,-10.97315365743906,11.194973451418914
-4.684457576533747,19.19938601704793,-9.435957461818859,10.534772707923006
1.2251978436560307,8.677304284481469,-4.808248513678767,4.961891123895552
-6.913549716915603,8.715333097880567,-7.575260322753208,10.255814869903944
2.088779891648012,14.553430151984735,-4.687253463887456,5.131602719470598
-2.9558524431805977,19.680205661482276,-10.300394987292895,10.716118726484199
-0.6881667870420474,12.932903447947307,7.91087775881105,7.940753140706435
4.904603837474799,14.522742245790804,12.870215912857255,13.773075054109617
11.916081587330181,15.443090833209489,5.1283639784794115,12.972783721764367
8.758224069293751,10.441729645266477,-7.951353652517714,11.829222871996418
12.517717206611671,7.549949141336449,-0.48951312201919456,12.527284907805477
-9.39379830295734,8.066589836485322,-2.2527829135623127,9.660148933235062
-5.254681273436404,17.597831744965475,6.704971219554886,8.518703794619377
4.847814291637158,2.163404069397994,-3.041391423207226,5.722880847559203
-9.40356195946874,17.473160271486964,0.18281916606792914,9.40533892919598
6.360290420122153,7.0208597753759685,0.892885463669034,6.42265822534012
10.828879763206682,7.48876613169201,-5.406121304945553,12.1033377417047
6.0159127992377455,7.984403749804353,-1.0605719218690375,6.1086839506958865
5.369633835362598,17.453108270718523,-2.3666566333016625,5.868051733396835
12.596559902433123,15.055189995744039,1.4831300313485,12.683571896964741
7.365692280387715,2.032480902134126,11.388752507958973,13.563078797120696
-7.963268200433032,7.25791679281719,4.086603513620046,8.950640687099424
6.033071466821689,0.7741134895997765,-1.0108678977885903,6.117172977001511
-8.87472802543399,16.432095380276035,-4.3414965527284375,9.879746446279702
6.0870547602296785,10.442951263060113,-0.8444028483956734,6.145343914250326
1.95174346082862,14.48354190144638,7.3389626664239,7.594055277389748
7.950353661226539,1.598667966493161,10.920374963691554,13.5078759502077
3.222720122786046,19.107463234743125,-4.280162120987755,5.357771250412666
2.2976794931438307,13.323335598087395,-4.6343438748745,5.172666063433874
4.96550420809455,18.69898036779905,-2.9065165905501007,5.7536137106819805
-8.51443981319329,3.5044519169576334,3.1321736739783264,9.072276299609369
6.174890237033393,7.041598723204642,2.525641065999112,6.671441540901895
10.165402477915759,4.726307023090081,8.52040118011616,13.26396033649606
-1.5820407836584742,11.013174053141041,7.894799778102235,8.051752391714603
-4.259743524522432,14.96550243772517,7.224406063477981,8.38674298310901
1.8196214393113899,7.239432695111728,7.39195031607649,7.612617924061668
-7.24783101425316,18.361129359555125,-7.185273350063336,10.20584183329824
11.997645079072722,0.5305842820527634,4.881772032619707,12.952806090645604
6.057120457867556,6.1611737042408805,-0.938724017573714,6.129429910055862
5.106456849373553,10.545806695452269,-10.25664410624449,11.457514995699281
9.441972598109016,14.46041105769913,-7.260656676884243,11.91083464426508
7.287708723280295,6.542892116530073,-9.114775770848961,11.670040093685667
6.2317126994017356,19.88172822215195,-0.28138492493163064,6.238062250720462
-8.169370657161794,5.1245730650564925,-5.846567693513783,10.045942998491242
-6.677705875682579,7.24268693269412,-7.828038967581621,10.289312408518947
2.4180353031912434,7.23020925886423,-4.599525274438538,5.196395623668206
-9.270654492426948,7.078536673683947,0.9665028033032317,9.320899226295118
8.366725337366535,1.2055305669884169,-8.299642883353537,11.784997448541606
2.0277849673562742,4.953075443374372,-4.700928532709167,5.119632891475251
-6.87853902983086,8.93143528401898,-7.613882409951202,10.260872503713843
-5.719035761252415,5.012643926839483,-8.703367367796186,10.414219777655141
6.121288472518863,6.050672210272382,2.7308384412653535,6.702809198842296
3.447644731733603,16.430043391562595,-4.161659691460577,5.404226640674706
-2.0712516577304942,13.881062856229953,-10.602218365375926,10.802644014164583
10.843429267352343,11.050525235853417,-5.382084210749082,12.10565110713455
-7.6896334077890485,13.853826915770254,-6.60076285455914,10.134127106382333
5.3468172738482265,19.294876432133485,4.48940588196565,6.981634488638714
6.3589834064414745,18.284130079613742,0.8278921073665972,6.412649632159699
5.899504916600184,19.45678348001192,-1.3661676757522632,6.055623203210391
-9.430011459235224,2.1233822935883455,-0.050634346393976994,9.43014739854804
5.094642818352649,15.074198929447917,-2.7480171917502734,5.788521739852696
2.9521986993168703,16.171526619273955,-4.40504937356755,5.302823506757139
5.338671548639522,20.109654289976728,-2.413025492119006,5.858677831206396
4.104747894880034,0.5502244524254428,-3.7290633463133456,5.54570723364836
-0.5882238820168423,8.12309821381645,-10.925966252265024,10.941788970776633
-5.568912510438643,4.867378652833654,6.503610345184759,8.562110374838335
-1.9986021930080926,2.6157926254234845,-10.623244594655867,10.809613149589667
-2.0964507254215445,1.9018159506510592,7.839811381897974,8.115278685778915
4.916101333303814,11.225693229695274,-10.329590077273043,11.43977637385492
-9.39268629555136,18.097735930743376,0.2661004730589123,9.396454933026632
11.218899275052404,4.916353496676108,-4.713023799392378,12.168660332074781
5.24394926644387,8.667372909748348,12.706168451018518,13.745752820951479
5.732677066542456,4.7564949291657115,3.7785877076707317,6.865953059395482
5.82990272730519,9.20558038262144,3.5612178596480994,6.831547295724233
-9.185729658645478,14.6052739151079,-3.337609686256467,9.773293599371307
0.7392833154112354,14.661482946953374,7.723248496891291,7.758550584044613
9.599903847673056,14.81747415417514,-7.083938695775454,11.93064714632332
12.300697503106088,7.611745859349883,-1.7522296875716667,12.424872954719813
-8.618447050780173,1.231113848494341,2.9163189076873954,9.098491388050904
2.229678369032619,13.058215458154631,-4.652607024187136,5.159284616189287
11.779379629655303,8.439836955624896,5.508647372910782,13.003806378849816
11.300393940627142,13.898610036233315,6.619108336747993,13.09623985680506
6.617085486776311,5.577724199316709,11.916305528729476,13.630266240735518
12.08005973367132,20.09165642783485,-2.5919845303769344,12.355008173804682
10.724396069833542,5.296190548620963,7.674461042469845,13.18749496132789
6.189548486641191,11.812608401361581,12.185287464097424,13.667177508585015
11.878557029162295,12.710931781753978,5.236536758838751,12.981580578717308
5.047943680787307,8.981840339380835,12.802323292800697,13.761584832343539
-7.837013063638797,17.14119878556971,4.2719384450744835,8.925706237500233
12.604526712878755,11.568904629317757,0.8087450362007754,12.630445842853431
4.865373166964902,10.813454634497848,5.169335845329132,7.09886534142089
10.286132081681098,2.329815010047107,-6.223369303733952,12.022264291407302
8.79135576484992,5.792427513908614,10.143497895501595,13.423057987664555
-1.4837678626832367,16.784727539056846,7.901496745734964,8.039603093013474
1.7268389980880114,17.998997178931624,7.427447236010874,7.625545578451629
6.839575932878563,4.541808920824657,-9.399568882752932,11.624615869921417
9.929156102185587,20.96944424567618,-6.6913034279945345,11.973373896569868
-8.681502948520013,1.0092741508331415,2.777861848391969,9.115097909178669
-4.8879330067323705,7.93656284475616,-9.306410130367176,10.511953129314483
0.797672987834446,1.4211860216280128,-11.038926517857119,11.06770892561644
0.40022473892747,8.084198978810443,-4.779208225315014,4.795936936883996
-2.7122094028011055,20.86490553559688,7.729413038309301,8.191453214261102
4.739579897429371,1.989411153906753,5.321821711608097,7.126387860217822
12.604742539205946,2.620225981062156,1.1700391101918048,12.65893068150096
5.931730304917034,19.203798662280295,3.308345483142865,6.791949222874308
2.412673421065998,7.416508927916237,13.753496099082808,13.963511305692572
0.5273345062244099,7.144232107340914,14.089893291537475,14.09975796417682
-5.847114429166207,8.964557268957313,-8.598717857548339,10.398398720066679
6.358041356588274,13.940357943952547,1.1824715992218897,6.467064942851064
-9.266118910091002,12.015509888108562,-2.991563113695723,9.737063701094439
1.348077125120409,5.835381176030157,13.976144572919043,14.04100883335693
-1.9022953401155842,15.518828148345229,7.864510026222245,8.091306786519448
6.340403332855309,6.346883149924807,0.47755206673526884,6.358362241939809
12.431746389722697,18.080610160792144,3.0898698026603117,12.809981018556405
12.102536141228963,12.949302529338,-2.5163675510147763,12.361370745251246
0.03696174250983688,0.43016571366637535,-4.720074856858681,4.720219573786675
-3.9449951693680507,5.642858833438107,7.355108822940974,8.346293349963288
10.667402254411586,4.155437841217395,-5.664763873105074,12.078204361388401
-8.323790542379118,7.549239405748949,3.4939529839917807,9.027358220860913
2.336222613369497,13.480230657363686,-10.959360407764667,11.205602020708158
12.46878510782439,6.76832715336297,2.8549677960666924,12.79145977524384
-4.2655871796378,1.5023106053265474,-9.682676095932772,10.58061672899261
9.482604401937605,19.275403377931543,-7.215865908667916,11.915893044817173
-3.339170987087143,1.8025467089367053,-10.141949383919297,10.677509081568862
1.7526151603117603,1.8047717504887446,-4.752826694435443,5.065670882271445
5.296163533752779,17.502559389697552,4.569656306885186,6.995077336192093
3.728168306139508,0.2392308692085583,-10.699948118540002,11.330848540967745
4.541078058643515,20.939728759003923,-3.3561872941425417,5.646714362180664
11.478239100875964,17.625278539265533,-4.18350587505236,12.21686106426178
6.346156582220696,6.2398373852857745,0.5544388088378308,6.370330113801685
0.6439624457213659,7.3954071404004385,-4.8026974464175325,4.845677495802309
-9.47521190424585,19.56708468091127,-1.1932836376065121,9.550055835969845
-9.350538436649007,2.58763380837258,-2.5439039699249264,9.690408477636547
-9.07725099908587,11.613169400090928,1.7156984344766473,9.237970925396498
5.017197299389928,16.648922038378032,4.97292384579977,7.06415177619575
5.631253784022127,2.6587770713245535,-1.9304015088200448,5.952937860024933
-7.418246612726162,9.362908695506835,4.8230537034595775,8.848289655841874
6.259044191516678,9.590291072245144,-0.14116212978338932,6.260635825396942
0.3115913325998067,20.098913576675848,-4.767482201477939,4.7776537861130395
9.571137521205662,10.92872946875391,9.287735119432444,13.33674237205509
-5.998002785015289,20.8471371544167,6.195431045435417,8.623189853400895
10.194078017441617,1.1970968792130843,8.480274582541645,13.260252019512611
-7.774160919997324,5.751265995040443,-6.478160133137002,10.11949290827259
-2.0555519934132414,5.978272372910294,7.845413498232907,8.110228539065977
-4.910926765682856,15.378627284181688,-9.291352613925934,10.509349889227618
11.886834144488661,1.1806797250562484,5.212939992763839,12.97965983170353
6.353627158052401,15.938646916212711,0.682188643552896,6.390145492000442
5.120103164965899,17.147568966514545,4.831133496935711,7.039553060039259
-8.909667451542258,9.811614939080144,2.215691694806574,9.181038273719718
5.880859805826065,5.0225380544663025,3.4383605521131364,6.8122562592806455
-9.388329453110758,6.436013478000705,0.29792273068083475,9.39305530025259
-5.792401014031129,14.814709048149801,6.3481252735764935,8.59363741359673
-0.15071348293251663,9.646838924097437,7.871682910315807,7.873125579748844
-4.006946229870469,4.707858409774969,7.330573956863316,8.354216457940018
0.6494044288137344,15.16917249023615,14.076092088986886,14.091064353334069
-9.396122020002634,16.877534124288896,0.2404127432349785,9.399197162624484
2.0972076565337723,19.16108521339432,-4.685301372530206,5.133257143963987
0.22900680276312957,12.593946068668972,14.119091624126282,14.120948707724448
12.133755686056329,15.533028077669492,-2.408269235133675,12.370440079390693
0.7016015821550233,1.1842015635500962,7.731718636112492,7.763486191659752
-6.5128871694461905,14.743591650725739,5.768136310739739,8.69994803324773
7.299789324014291,7.575155410192726,-9.106693957012657,11.671280949479533
-0.8511421188774086,0.06260477190068237,7.915469312821909,7.961099003828081
-6.557732576871075,16.04421638369265,5.727596023893921,8.706848612596959
-1.266393000098799,18.632680496382633,7.911986921574076,8.01269544397255
-8.406669571376161,5.104383518363133,3.34155104808988,9.04643889546005
-9.308675663799773,2.3550409026279553,-2.78033784654171,9.715025535464656
6.44430599874293,17.414589683729357,12.027681095093369,13.645299275966817
3.3492871598129366,12.510020364464523,6.5797394028565925,7.383135857370595
8.296903938972767,5.787701625808698,-8.35855795407559,11.777270738340956
6.191354497513142,19.23214504125267,-0.46257568783263797,6.20861069651255
5.6266559124993565,0.09111843785569251,-1.9388681388137259,5.9513415645021555
-6.596170731741877,8.845671107517386,5.692390719203849,8.712794065187486
12.56234392169515,5.610235526932523,-0.049366434502953145,12.562440919335964
1.1144810385087576,15.972847875946165,7.627916563392897,7.708902586184317
12.238443322665692,2.669190640482058,4.02827526289947,12.884350839518003
6.265260815079153,15.344711618899463,2.0928796897745787,6.605576316782452
-0.025935603872506565,4.581561804964139,7.857239671642917,7.857282476351957
-7.107043563185781,0.033979121053639094,-7.35439761529242,10.227278841062233
7.809930415006924,14.9803403472437,-8.744735638869717,11.724564575325106
0.6035225459658857,9.424078472809889,-11.033724417627045,11.050217825347536
4.809295412908299,19.528714217998456,5.238391565979944,7.11126350005051
6.268567410882219,3.477914585058868,-9.722618822592244,11.56824334781213
2.688468265927567,12.04169432301938,6.987308830856325,7.486677922460826
5.780257285482715,12.595110834241352,3.6747676797614277,6.849473832827978
4.5424506803500995,7.096264865526101,-3.354884723968696,5.6470443326160975
-1.5413448197821027,15.000473274587952,7.897720801207008,8.046722171622864
12.122926362905979,14.134605166908152,4.465822626491473,12.919323331031078
11.366465851387296,18.16532962629407,-4.419749137808726,12.195520833154873
6.360903653524192,0.6941266897748837,1.0238828955189627,6.442781346061164
4.303901965710471,13.308850574395487,5.79049088756471,7.214801234227898
3.6188875497969013,16.633962329675214,-10.726952839425191,11.32094803085533
2.4035932089360843,20.309291731979314,13.755764552229822,13.96417984453173
-6.6426659543100675,0.7287287806297275,-7.864167208456164,10.294179756692968
2.9808714964570804,8.318997026025189,6.8187739612930445,7.441859526596717
1.4236865260289986,14.068631912530039,-4.794132112386782,5.001058491501041
-8.818230845647939,17.812884102159106,2.4540961748393673,9.153348200658488
3.3236984143146295,6.419692903420908,-4.22866577824529,5.378530042067296
5.9417651557842825,6.696854393064061,-1.260895127201658,6.0740785052790605
12.56472813963374,16.476679352312324,-0.02042860263697046,12.564744746739173
11.792421603235526,2.4422469864443315,5.473920014420112,13.0009617949106
2.2425060611503635,12.924238444823043,-10.970356030235402,11.197211477167803
0.5634303748946816,18.495690089291564,-4.796343948361923,4.829323871759068
0.7171215681577323,9.427837675456013,7.728254084790604,7.7614544089751405
9.493673283892928,11.280439232628325,9.379694521218024,13.34572971900262
1.7336467076181312,11.869673033351537,13.905480003805328,14.013133305690952
-1.0649740044262221,3.2472805059002328,-10.845531371657067,10.897693350599532
11.482858445023917,16.29769160746122,-4.173452929730124,12.217763601622437
-8.45084788767587,14.876736337793073,-5.321498147351926,9.986749849320633
-8.224544746992672,16.94607633728291,3.6677307631090152,9.00529762117505
-5.047196117567166,17.727373109343855,6.827549343306996,8.490560563618686
-2.971735576856389,12.310774824615034,-10.294174076568666,10.714533692954273
2.420964707698374,3.2255778387795826,-4.598637721012558,5.196974023895121
-6.167759231107496,14.858320017708381,-8.321121625424414,10.357717848928768
10.466191329148032,0.7657340969382918,-5.967959944656473,12.048141219265215
6.083701444542319,14.330825953191177,-0.8552398700677829,6.143521669342419
-0.6656064281554286,5.277397064691119,7.909976345150377,7.937931575545379
3.844798905859438,9.635346400875864,-3.916794613936942,5.488511517184178
3.1730454385336833,7.623659321242759,-4.304502468507157,5.347612444482455
5.603055743404203,1.0674575115811753,4.04048110636503,6.907946238542076
1.2557397469757967,17.650842079392223,-4.806604752013506,4.967930308912722
12.288130905673796,15.506843655848252,-1.8073658159238761,12.420335436192763
1.0969576217116448,8.359576385783924,-11.040246175919647,11.094609125550104
-0.46161656999530915,16.431993408291515,-10.943686776898732,10.953418193813398
4.231534332331481,11.348151572410247,13.1626656491719,13.826122008632428
-8.8204801124077,19.588108004187898,2.448463343494961,9.154006890854863
-0.973218622523382,17.51750627201974,-10.862710781152739,10.906220243613195
9.61035787471681,2.566754974008517,-7.071987572286721,11.931973294585822
5.553220764980558,10.136498756329384,-2.069809250753351,5.926413012870045
2.112768145598677,8.398506948295644,-10.984253702718698,11.18559871632922
6.9114113753128334,18.17172569082337,-9.355836127035419,11.631821733277413
-9.118663615264364,19.739105415010542,-3.589762106995127,9.799817248967669
10.232537952629976,4.756426812659672,8.4259547819707,13.255246015816823
-9.047977865475135,9.713867301148504,1.810320589824821,9.227305353789461
12.566633064690528,1.9526665417730888,1.9925459394536738,12.723619999960961
12.600823199900834,14.599886934332085,1.355858630419697,12.673559008457042
12.569783601928462,17.088113315734425,1.951820382909199,12.72041912070705
9.819541301518802,2.961016682396613,8.980983144351521,13.307195407423748
6.492938324693678,3.116374084796734,-9.60076913822078,11.59021208320575
12.597435193361674,12.66831840933778,1.4598627107721702,12.681741701566482
-3.0043596064358273,19.632894834496643,7.659640205010049,8.227773982979214
-7.620502199245447,8.158596962341251,4.56804829215439,8.884768931613209
8.417970649287923,6.002091287392302,-8.255805654454196,11.790697895221928
2.0607787508143414,8.515121409487927,7.293028286571511,7.578592920096718
-4.698477713944565,19.2274157079388,7.0161539564868605,8.444057624718106
6.105404347561639,14.069187119538935,2.7869382367477824,6.711407228195246
-5.9570103992928924,6.233766235447453,6.226642173157326,8.617252790177682
2.931499682050706,12.690326152039194,6.848489359153571,7.449529977676651
-8.642244063871173,14.251367937527222,-4.914423772065885,9.941827974319553
-5.088016814626777,7.369314017158853,6.804061233567076,8.496067583067777
5.563393997497325,16.069072277049898,-2.052131243512267,5.929805680794985
0.713334085564815,19.901876520137673,-4.807068079952467,4.859706682807769
12.338756453345677,3.867711556413359,3.585589079623058,12.849177400242077
5.009756982498344,5.233028485872863,4.982891354104279,7.0658949376917635
-7.821838530739301,12.306749236097373,4.293551649056848,8.922765477366125
1.3361336484436803,5.926309854915436,7.561960796708247,7.67909527336755
4.98208230095236,18.817099557725374,-2.886809898574547,5.758021834273534
4.229141086147001,15.991380022053736,13.163630301562097,13.826308149420816
-9.215656282773162,5.793525814624841,1.2077786687277499,9.294463407580356
10.87533990478431,19.689154915344396,-5.328917842256071,12.110754865577501
2.7896358269716024,13.564676456140287,6.930999438088808,7.471333298542564
2.7861858159837944,17.16113295536117,6.932953924025361,7.4718593076856
6.101831887577348,9.934667258891627,-0.7957666767677225,6.153502822629538
2.332055971189422,16.766773641072486,7.169781794964197,7.539512984282226
5.938820565759643,6.624742859372299,-1.2684210072088982,6.07276556140763
3.8531755958565506,15.389182547948652,13.308786421842175,13.855351247612422
12.549045305873916,10.377271284724031,2.194638964230207,12.739504632135175
-3.0997453923573883,3.6922547060548676,7.634379652118331,8.239670756172195
11.944785221865208,0.4392123665718841,-3.0140825340691064,12.319195895782725
11.447112775161344,0.37117408696825804,6.307841471143343,13.070013577358589
0.12874859306070527,19.614918709878875,-4.737807981091543,4.73955701156868
-9.43140678886312,12.645745260005386,-0.06460720587444363,9.431628073035125
2.395527718913771,16.578585294581494,-4.606280802041499,5.191952992789928
-8.057839953085193,15.940844491327505,3.940875133727012,8.969909783780652
12.05947740748122,3.2743661095718157,-2.6597193900573,12.349295630739299
4.425770977078804,10.365235723631539,-10.499847936155293,11.39448355231327
1.6277956810880068,17.685208011484356,-11.022645924335764,11.142191972526977
2.7929052420784255,1.2697360201064933,-10.894229239188727,11.246535040056726
11.786185619147217,2.1687151497421606,-3.452411671934397,12.281421652296672
8.220932522970005,13.959186740881496,-8.42161614934877,11.768914568225822
-8.797769144806427,18.307264441200136,2.504845474727532,9.147403608542207
9.667183739110218,1.6521556068559224,-7.006455436819415,11.939215185004974
-0.21934332145153682,18.08266824207504,7.878761618757743,7.881814266897915
5.094350688627174,12.584286645419162,-2.7483891440566506,5.788441225916059
-9.419851270990273,18.39338508943119,-2.0384839942379247,9.637894737044043
6.206579182868604,6.247381743913518,-9.755159104068353,11.56221234448259
12.603378314619658,6.396381584623048,1.2506505069699154,12.665278190075776
0.22169035056480044,20.211786327596766,-4.753822978729428,4.758989338570688
0.9609771834605975,6.350273855645129,-4.814432715944668,4.909403173858327
-6.8518373415665526,7.2360171297584275,5.446958844122094,8.753115765534334
5.637151460478078,5.92574479016722,3.9742719523928516,6.897268599956552
-1.6772238047836532,1.0887461688686468,7.887151805006983,8.063513085904795
4.3097984655176536,15.418756638803371,-3.56359799647375,5.592279811834351
5.954313824902865,9.070022447633873,-9.882694540478894,11.537829280494694
5.162580526907827,16.236912775840945,-2.659751233747589,5.807453342234418
-9.437710781633243,15.476876116378929,-1.8612593678868885,9.61949433350335
3.9164095538174,15.351598703060507,13.285251257950419,13.850493304576029
12.411054475987777,16.843555202555425,3.210067545723377,12.819469835139156
4.140099599876475,2.7934243037352133,-3.7016829670034723,5.553636780083927
3.143366460403878,10.798533200144755,-4.318737810552765,5.34155866584746
-7.556391383026902,13.43656560906999,-6.786489701443455,10.156549276269047
-9.259871881424274,18.75835042064805,1.0162367903729803,9.31546909578361
2.8617212776780008,16.911969560686863,6.889599972307337,7.460297343238556
-4.054000143404657,5.922492759605079,7.31155270076912,8.360246411371449
9.710894264814918,4.684157536931903,9.117448750776274,13.320260475885865
6.339370655901058,18.96730792286308,1.5135754776941373,6.517555603105849
12.089522250177902,6.283446878122947,4.581819538713612,12.92863560175181
7.155125526075517,5.3130903015633955,11.544874960256319,13.582339972988851
10.310550132018049,1.16970538672041,8.313958046315593,13.244974232543951
-2.324099584200785,20.926574544863264,7.804713674617598,8.143401894788516
-1.6589350138909775,16.989814655572943,7.888710093739452,8.061253768700015
8.503719630849977,16.4588246656842,10.42434996496341,13.452892616539236
9.140410197147704,0.649532237433211,9.778775448771203,13.385497669104879
-0.5867536084115207,11.158210044134956,7.906316551139019,7.928059106981905
6.200253092496574,11.19914583395035,-0.42475888419385527,6.214785476644784
1.2871416383400938,16.444655124616382,-11.036870799018377,11.111671819819616
-7.20215377110267,17.736692985009284,5.075507469599476,8.810890705063166
-9.27056949940208,17.892789820953723,-2.970562432269378,9.734870312811276
-1.1757721056286994,9.926844311854097,-10.823694666584048,10.887369116541173
6.399686247669181,16.6925981035418,12.055847480242685,13.649155378098673
-8.965642516113649,20.463059967445954,2.0590113535432466,9.199036551768053
-6.658078533199047,1.2697887569900617,5.634784571012852,8.722431250286268
4.883272595990596,18.261621687087082,5.146913426323657,7.0948621596774855
-8.630980824097836,7.740524682277356,2.8892833376883327,9.101746436337809
-8.174760082063987,9.026633352760614,-5.837185528911769,10.044871193710936
-9.473835870229562,0.16522931669546903,-1.2506835291454859,9.556033454636088
5.651471854456074,13.75485772680485,-1.8927728064340845,5.960010320333811
11.777315413181467,12.31186987314495,5.5141163066269705,13.00425457243018
0.29688965076856305,20.785714360458826,7.810346875124233,7.81598757512423
0.07223146107563785,15.514201840670074,-4.727116204647723,4.727668029400141
-4.946510212327882,10.78918239428539,6.884198275388972,8.477036579815644
3.470962101240425,10.501499035396577,-4.148574665370333,5.40908954098561
1.9411820188280329,15.773725089304332,-4.7189843132481055,5.1026464289526245
-6.099503443260441,1.978464150087739,6.116450911816652,8.637992475743928
8.182056790275926,20.248276729637354,-8.453469133376744,11.764658673682536
11.739365322467815,3.5286055057069117,-3.5726030472078696,12.270949054872602
